ID,Name,Slug,Website,"Created at","Updated at"
1,Mosciski-Luettgen,mosciski-luettgen,https://www.muller.com,"2023-06-03 13:37:16","2024-06-01 00:19:11"
2,Hegmann-Morissette,hegmann-morissette,https://www.rippin.com,"2023-07-12 16:55:21","2024-06-01 00:19:11"
3,"Kohler LLC",kohler-llc,https://www.kuvalis.org,"2023-11-23 15:18:39","2024-06-01 00:19:11"
4,"Schulist Ltd",schulist-ltd,https://www.hettinger.com,"2023-10-20 01:55:53","2024-06-01 00:19:11"
5,"Herzog Inc",herzog-inc,https://www.goldner.com,"2023-06-28 05:11:18","2024-06-01 00:19:11"
6,"Dietrich, Price and Brakus",dietrich-price-and-brakus,https://www.kunde.com,"2023-07-19 04:28:53","2024-06-01 00:19:11"
7,Borer-Russel,borer-russel,https://www.pollich.biz,"2023-08-31 19:13:24","2024-06-01 00:19:11"
8,"Larkin, Sauer and Prosacco",larkin-sauer-and-prosacco,https://www.kozey.biz,"2023-07-31 03:29:42","2024-06-01 00:19:11"
9,"Mayer Inc",mayer-inc,https://www.kemmer.org,"2023-07-09 21:27:47","2024-06-01 00:19:11"
10,"Stroman and Sons",stroman-and-sons,https://www.walter.net,"2023-09-12 18:20:17","2024-06-01 00:19:11"
11,"Senger Group",senger-group,https://www.beatty.com,"2023-10-17 18:43:25","2024-06-01 00:19:11"
12,"Parker Inc",parker-inc,https://www.vandervort.info,"2023-08-29 05:34:20","2024-06-01 00:19:11"
13,Olson-O'Keefe,olson-okeefe,https://www.breitenberg.com,"2023-07-11 20:56:31","2024-06-01 00:19:11"
14,"Windler, Kunze and Herzog",windler-kunze-and-herzog,https://www.altenwerth.com,"2023-09-25 21:29:48","2024-06-01 00:19:11"
15,Hand-Roberts,hand-roberts,https://www.cruickshank.com,"2023-07-17 03:49:59","2024-06-01 00:19:11"
16,"Considine Inc",considine-inc,https://www.rippin.com,"2023-09-27 16:53:48","2024-06-01 00:19:11"
17,Dietrich-Collier,dietrich-collier,https://www.bergstrom.com,"2023-10-02 19:00:04","2024-06-01 00:19:11"
18,"Goodwin, Swaniawski and Parker",goodwin-swaniawski-and-parker,https://www.fisher.com,"2023-09-06 12:06:04","2024-06-01 00:19:11"
19,"Spencer, Wolff and Kub",spencer-wolff-and-kub,https://www.johnson.com,"2023-08-08 05:54:53","2024-06-01 00:19:11"
20,"Nolan Ltd",nolan-ltd,https://www.breitenberg.info,"2023-07-08 04:48:57","2024-06-01 00:19:11"
21,"Heller, Gorczany and Hilpert",heller-gorczany-and-hilpert,https://www.rau.com,"2023-06-16 01:42:16","2024-06-01 00:19:11"
22,"Considine LLC",considine-llc,https://www.shields.com,"2023-09-25 13:22:07","2024-06-01 00:19:11"
23,Lebsack-Krajcik,lebsack-krajcik,https://www.bruen.org,"2023-11-16 13:14:31","2024-06-01 00:19:11"
24,"Howe Ltd",howe-ltd,https://www.aufderhar.com,"2023-08-27 09:47:58","2024-06-01 00:19:11"
25,Schinner-Bahringer,schinner-bahringer,https://www.abbott.info,"2023-08-11 06:10:57","2024-06-01 00:19:11"
26,"Cummings, Turner and Gutkowski",cummings-turner-and-gutkowski,https://www.mann.com,"2023-06-14 11:48:23","2024-06-01 00:19:11"
27,"Eichmann LLC",eichmann-llc,https://www.gorczany.net,"2023-09-18 05:13:41","2024-06-01 00:19:11"
28,"Ankunding PLC",ankunding-plc,https://www.mcdermott.net,"2023-10-19 18:03:23","2024-06-01 00:19:11"
29,Mitchell-Bogan,mitchell-bogan,https://www.fahey.com,"2023-08-09 15:29:47","2024-06-01 00:19:11"
30,"Rogahn, Waters and Harris",rogahn-waters-and-harris,https://www.yundt.info,"2023-08-24 18:39:54","2024-06-01 00:19:11"
31,"Brekke, Reichel and Gleichner",brekke-reichel-and-gleichner,https://www.homenick.com,"2023-10-18 10:07:31","2024-06-01 00:19:11"
32,"Rippin Group",rippin-group,https://www.larson.org,"2023-10-20 22:35:19","2024-06-01 00:19:11"
33,"Ferry, Zboncak and Murazik",ferry-zboncak-and-murazik,https://www.flatley.org,"2023-08-23 15:23:30","2024-06-01 00:19:11"
34,"Hessel, Rempel and Luettgen",hessel-rempel-and-luettgen,https://www.grimes.org,"2023-10-03 11:36:13","2024-06-01 00:19:11"
35,"Heathcote Inc",heathcote-inc,https://www.haag.com,"2023-08-18 05:20:08","2024-06-01 00:19:11"
36,"Parisian, Swift and Nolan",parisian-swift-and-nolan,https://www.cormier.com,"2023-08-04 17:12:51","2024-06-01 00:19:11"
37,Franecki-Schinner,franecki-schinner,https://www.batz.net,"2023-06-28 14:34:23","2024-06-01 00:19:11"
38,"Greenholt, Hackett and Reinger",greenholt-hackett-and-reinger,https://www.raynor.info,"2023-10-05 04:00:26","2024-06-01 00:19:11"
39,"Krajcik, Kautzer and Langworth",krajcik-kautzer-and-langworth,https://www.goodwin.com,"2023-07-13 03:21:16","2024-06-01 00:19:11"
40,"Barrows Group",barrows-group,https://www.langosh.com,"2023-10-11 10:57:03","2024-06-01 00:19:11"
41,"Dietrich, Wisozk and Koepp",dietrich-wisozk-and-koepp,https://www.schumm.com,"2023-08-17 19:47:35","2024-06-01 00:19:11"
42,"Green PLC",green-plc,https://www.harber.com,"2023-10-19 12:38:54","2024-06-01 00:19:11"
43,"Marquardt, Donnelly and Gibson",marquardt-donnelly-and-gibson,https://www.cormier.com,"2023-07-23 05:20:40","2024-06-01 00:19:11"
44,"Bode, Crist and Murazik",bode-crist-and-murazik,https://www.schroeder.com,"2023-06-23 01:22:08","2024-06-01 00:19:11"
45,"Herzog, Hamill and Schowalter",herzog-hamill-and-schowalter,https://www.wiza.biz,"2023-10-21 14:25:56","2024-06-01 00:19:11"
46,O'Keefe-Wyman,okeefe-wyman,https://www.bauch.com,"2023-10-17 02:13:36","2024-06-01 00:19:11"
47,Boyer-Wiza,boyer-wiza,https://www.gislason.com,"2023-10-03 03:49:42","2024-06-01 00:19:11"
48,Parker-Langworth,parker-langworth,https://www.batz.biz,"2023-11-20 18:58:35","2024-06-01 00:19:11"
49,"Douglas, Breitenberg and Considine",douglas-breitenberg-and-considine,https://www.ortiz.com,"2023-11-02 12:29:20","2024-06-01 00:19:11"
50,Kiehn-Marquardt,kiehn-marquardt,https://www.mills.com,"2023-11-10 03:59:24","2024-06-01 00:19:11"
51,Yundt-Morissette,yundt-morissette,https://www.wiza.com,"2023-08-06 06:26:54","2024-06-01 00:19:11"
52,"Botsford Inc",botsford-inc,https://www.runolfsdottir.biz,"2023-07-05 13:06:44","2024-06-01 00:19:11"
53,"Bergnaum and Sons",bergnaum-and-sons,https://www.franecki.net,"2023-10-05 23:01:52","2024-06-01 00:19:11"
54,Okuneva-Torphy,okuneva-torphy,https://www.bechtelar.com,"2023-08-19 20:35:24","2024-06-01 00:19:11"
55,"Hagenes, Kuhic and Waelchi",hagenes-kuhic-and-waelchi,https://www.nikolaus.net,"2023-11-06 04:55:05","2024-06-01 00:19:11"
56,Smith-Mills,smith-mills,https://www.aufderhar.com,"2023-09-12 00:12:58","2024-06-01 00:19:11"
57,"Schultz, Casper and Casper",schultz-casper-and-casper,https://www.volkman.com,"2023-11-29 14:53:44","2024-06-01 00:19:11"
58,"Volkman, Sawayn and Kuhlman",volkman-sawayn-and-kuhlman,https://www.veum.info,"2023-10-21 01:30:07","2024-06-01 00:19:11"
59,"McClure, Emmerich and Becker",mcclure-emmerich-and-becker,https://www.kirlin.com,"2023-06-27 05:52:18","2024-06-01 00:19:11"
60,"Schultz and Sons",schultz-and-sons,https://www.wiza.com,"2023-10-30 07:13:11","2024-06-01 00:19:11"
61,Smitham-Wolff,smitham-wolff,https://www.hayes.com,"2023-08-15 13:42:09","2024-06-01 00:19:11"
62,Beier-Sporer,beier-sporer,https://www.gusikowski.biz,"2023-07-29 09:52:48","2024-06-01 00:19:11"
63,Hagenes-Romaguera,hagenes-romaguera,https://www.will.com,"2023-07-20 17:45:23","2024-06-01 00:19:11"
64,"Mraz, Hartmann and Heathcote",mraz-hartmann-and-heathcote,https://www.bailey.com,"2023-06-13 00:19:25","2024-06-01 00:19:11"
65,Medhurst-Howell,medhurst-howell,https://www.kulas.com,"2023-06-29 04:48:57","2024-06-01 00:19:11"
66,VonRueden-Morar,vonrueden-morar,https://www.champlin.com,"2023-09-10 00:58:06","2024-06-01 00:19:11"
67,"Stoltenberg, Larkin and Smith",stoltenberg-larkin-and-smith,https://www.lubowitz.com,"2023-10-14 10:11:57","2024-06-01 00:19:11"
68,Grady-Schmitt,grady-schmitt,https://www.macejkovic.biz,"2023-09-21 16:47:53","2024-06-01 00:19:11"
69,"Von, Bernhard and Batz",von-bernhard-and-batz,https://www.mcglynn.com,"2023-09-30 14:32:07","2024-06-01 00:19:11"
70,"Moore Group",moore-group,https://www.will.com,"2023-06-24 03:40:20","2024-06-01 00:19:11"
71,"Herzog, Heathcote and Reichel",herzog-heathcote-and-reichel,https://www.brekke.com,"2023-10-27 18:20:14","2024-06-01 00:19:11"
72,"Halvorson and Sons",halvorson-and-sons,https://www.wintheiser.biz,"2023-06-28 20:33:55","2024-06-01 00:19:11"
73,"McDermott LLC",mcdermott-llc,https://www.maggio.org,"2023-06-13 08:15:22","2024-06-01 00:19:11"
74,"Gibson Group",gibson-group,https://www.heaney.com,"2023-06-23 06:57:32","2024-06-01 00:19:11"
75,"Feest, Smith and Koepp",feest-smith-and-koepp,https://www.wunsch.net,"2023-07-19 06:43:32","2024-06-01 00:19:11"
76,"Quigley Group",quigley-group,https://www.murazik.com,"2023-06-03 03:52:45","2024-06-01 00:19:11"
77,"Skiles, Roberts and Denesik",skiles-roberts-and-denesik,https://www.lynch.com,"2023-07-18 14:44:12","2024-06-01 00:19:11"
78,"Becker, D'Amore and Carroll",becker-damore-and-carroll,https://www.leuschke.info,"2023-06-18 17:43:33","2024-06-01 00:19:11"
79,"Langworth Ltd",langworth-ltd,https://www.boyer.info,"2023-06-24 03:34:38","2024-06-01 00:19:11"
80,Considine-Zboncak,considine-zboncak,https://www.russel.org,"2023-06-27 15:17:53","2024-06-01 00:19:11"
81,Kub-O'Reilly,kub-oreilly,https://www.heaney.com,"2023-06-17 23:45:30","2024-06-01 00:19:11"
82,"Leffler, Schroeder and Effertz",leffler-schroeder-and-effertz,https://www.harris.com,"2023-11-21 22:21:02","2024-06-01 00:19:11"
83,"Price, Stracke and Dooley",price-stracke-and-dooley,https://www.nitzsche.com,"2023-10-18 04:02:29","2024-06-01 00:19:11"
84,"Parisian Inc",parisian-inc,https://www.beer.net,"2023-09-10 23:04:43","2024-06-01 00:19:11"
85,"Bradtke, Kuhn and Morar",bradtke-kuhn-and-morar,https://www.johns.com,"2023-10-07 15:17:02","2024-06-01 00:19:11"
86,Mills-Cartwright,mills-cartwright,https://www.stiedemann.com,"2023-10-09 14:34:47","2024-06-01 00:19:11"
87,Brown-Predovic,brown-predovic,https://www.goldner.info,"2023-09-18 02:01:00","2024-06-01 00:19:11"
88,"Ernser LLC",ernser-llc,https://www.beier.net,"2023-06-16 14:09:12","2024-06-01 00:19:11"
89,"Glover, Dickens and Mraz",glover-dickens-and-mraz,https://www.predovic.org,"2023-08-13 18:12:18","2024-06-01 00:19:11"
90,"Howell and Sons",howell-and-sons,https://www.hegmann.com,"2023-10-20 02:41:41","2024-06-01 00:19:11"
91,Daugherty-Legros,daugherty-legros,https://www.blick.com,"2023-08-09 16:46:59","2024-06-01 00:19:11"
92,"Wuckert PLC",wuckert-plc,https://www.grady.org,"2023-11-03 19:08:16","2024-06-01 00:19:11"
93,"Yost, Gottlieb and Bogisich",yost-gottlieb-and-bogisich,https://www.hauck.org,"2023-07-03 02:28:37","2024-06-01 00:19:11"
94,"Smith LLC",smith-llc,https://www.von.com,"2023-10-09 14:08:50","2024-06-01 00:19:11"
95,"Fritsch, Lehner and Jenkins",fritsch-lehner-and-jenkins,https://www.purdy.info,"2023-06-21 14:15:46","2024-06-01 00:19:11"
96,"Dooley, Kuhn and White",dooley-kuhn-and-white,https://www.russel.com,"2023-11-25 06:55:36","2024-06-01 00:19:11"
97,"Kohler, Bashirian and Keeling",kohler-bashirian-and-keeling,https://www.conn.com,"2023-09-01 16:57:43","2024-06-01 00:19:11"
98,Larson-Lebsack,larson-lebsack,https://www.rice.info,"2023-06-23 03:36:04","2024-06-01 00:19:11"
99,Tremblay-Paucek,tremblay-paucek,https://www.mills.net,"2023-07-30 06:17:47","2024-06-01 00:19:11"
100,"Leannon Ltd",leannon-ltd,https://www.rau.com,"2023-11-07 00:00:33","2024-06-01 00:19:11"
101,"Bednar, Denesik and Altenwerth",bednar-denesik-and-altenwerth,https://www.lakin.com,"2023-11-22 00:18:30","2024-06-01 00:19:11"
102,"Heathcote, Hand and Wisozk",heathcote-hand-and-wisozk,https://www.mayert.org,"2023-12-01 16:28:03","2024-06-01 00:19:11"
103,Bruen-Rutherford,bruen-rutherford,https://www.dooley.org,"2023-06-25 20:22:55","2024-06-01 00:19:11"
104,Thompson-Will,thompson-will,https://www.schuster.com,"2023-08-29 22:31:42","2024-06-01 00:19:11"
105,"Ullrich Ltd",ullrich-ltd,https://www.welch.info,"2023-07-22 16:12:40","2024-06-01 00:19:11"
106,"Bednar, Gerhold and Fadel",bednar-gerhold-and-fadel,https://www.durgan.com,"2023-06-10 07:14:21","2024-06-01 00:19:11"
107,"Fay, Gleason and Herman",fay-gleason-and-herman,https://www.sauer.com,"2023-07-09 00:27:00","2024-06-01 00:19:11"
108,"Schulist, Cronin and Morar",schulist-cronin-and-morar,https://www.lesch.com,"2023-08-28 05:46:32","2024-06-01 00:19:11"
109,"Hagenes PLC",hagenes-plc,https://www.mohr.org,"2023-10-03 19:02:29","2024-06-01 00:19:11"
110,"Kertzmann, Brakus and Rowe",kertzmann-brakus-and-rowe,https://www.waters.com,"2023-11-07 01:00:57","2024-06-01 00:19:11"
111,Deckow-Hagenes,deckow-hagenes,https://www.kshlerin.com,"2023-08-12 02:15:58","2024-06-01 00:19:11"
112,"Hermiston, Marquardt and Gibson",hermiston-marquardt-and-gibson,https://www.borer.com,"2023-11-06 03:28:06","2024-06-01 00:19:11"
113,"Ward, Weber and Lockman",ward-weber-and-lockman,https://www.cremin.info,"2023-11-06 07:38:39","2024-06-01 00:19:11"
114,"Hills, Fahey and Collier",hills-fahey-and-collier,https://www.pfeffer.info,"2023-11-14 02:23:40","2024-06-01 00:19:11"
115,"Witting PLC",witting-plc,https://www.rice.biz,"2023-11-22 21:11:27","2024-06-01 00:19:11"
116,"Romaguera, Maggio and Kozey",romaguera-maggio-and-kozey,https://www.watsica.com,"2023-07-30 04:28:08","2024-06-01 00:19:11"
117,"Hyatt Inc",hyatt-inc,https://www.schowalter.com,"2023-07-13 21:54:12","2024-06-01 00:19:11"
118,"Legros, Medhurst and Ward",legros-medhurst-and-ward,https://www.funk.com,"2023-08-17 05:21:21","2024-06-01 00:19:11"
119,Carter-Dare,carter-dare,https://www.pagac.info,"2023-09-24 15:59:43","2024-06-01 00:19:11"
120,"Lebsack, Kerluke and Kuphal",lebsack-kerluke-and-kuphal,https://www.swift.info,"2023-10-24 14:25:57","2024-06-01 00:19:11"
121,"Moore, Balistreri and Roberts",moore-balistreri-and-roberts,https://www.skiles.biz,"2023-06-03 08:03:54","2024-06-01 00:19:11"
122,Weimann-Wisozk,weimann-wisozk,https://www.ebert.info,"2023-11-05 04:11:37","2024-06-01 00:19:11"
123,"Swift Inc",swift-inc,https://www.reinger.biz,"2023-07-12 10:33:44","2024-06-01 00:19:11"
124,"Collins, Anderson and Walter",collins-anderson-and-walter,https://www.hill.com,"2023-09-23 16:52:11","2024-06-01 00:19:11"
125,"Dietrich Inc",dietrich-inc,https://www.goyette.com,"2023-08-03 23:14:54","2024-06-01 00:19:11"
126,Koepp-Volkman,koepp-volkman,https://www.stoltenberg.com,"2023-10-01 14:16:57","2024-06-01 00:19:11"
127,"Kunze PLC",kunze-plc,https://www.flatley.com,"2023-07-30 04:48:59","2024-06-01 00:19:11"
128,Hauck-Frami,hauck-frami,https://www.wyman.com,"2023-10-26 14:51:13","2024-06-01 00:19:11"
129,"Jacobson Inc",jacobson-inc,https://www.botsford.info,"2023-06-19 11:53:18","2024-06-01 00:19:11"
130,Reynolds-Macejkovic,reynolds-macejkovic,https://www.crooks.com,"2023-07-06 14:08:29","2024-06-01 00:19:11"
131,Grimes-Tremblay,grimes-tremblay,https://www.sawayn.net,"2023-10-08 14:34:38","2024-06-01 00:19:11"
132,Cummings-Grady,cummings-grady,https://www.hand.net,"2023-08-01 19:59:46","2024-06-01 00:19:11"
133,"DuBuque, Jacobs and Lebsack",dubuque-jacobs-and-lebsack,https://www.stracke.com,"2023-08-03 10:14:16","2024-06-01 00:19:11"
134,Johnston-Schneider,johnston-schneider,https://www.sporer.net,"2023-09-30 16:31:42","2024-06-01 00:19:11"
135,Runolfsson-Parker,runolfsson-parker,https://www.kris.com,"2023-08-19 11:35:39","2024-06-01 00:19:11"
136,"Rice, Schoen and Boyle",rice-schoen-and-boyle,https://www.blanda.com,"2023-06-11 19:24:49","2024-06-01 00:19:11"
137,"Hahn LLC",hahn-llc,https://www.aufderhar.com,"2023-10-29 12:46:16","2024-06-01 00:19:11"
138,Leannon-Rau,leannon-rau,https://www.metz.com,"2023-06-13 19:10:14","2024-06-01 00:19:11"
139,"Jast LLC",jast-llc,https://www.thompson.com,"2023-06-26 10:51:03","2024-06-01 00:19:11"
140,Kirlin-Schulist,kirlin-schulist,https://www.lindgren.info,"2023-07-02 22:37:11","2024-06-01 00:19:11"
141,"Weimann, Klein and Schowalter",weimann-klein-and-schowalter,https://www.toy.org,"2023-07-18 17:36:31","2024-06-01 00:19:11"
142,Graham-Schowalter,graham-schowalter,https://www.reinger.biz,"2023-08-04 17:33:10","2024-06-01 00:19:11"
143,Koss-Stroman,koss-stroman,https://www.jast.com,"2023-08-16 07:33:19","2024-06-01 00:19:11"
144,"Pfeffer Ltd",pfeffer-ltd,https://www.blick.com,"2023-07-10 23:59:01","2024-06-01 00:19:11"
145,Marquardt-Goyette,marquardt-goyette,https://www.buckridge.biz,"2023-06-21 09:59:25","2024-06-01 00:19:11"
146,Emmerich-Tromp,emmerich-tromp,https://www.hettinger.com,"2023-08-24 18:09:29","2024-06-01 00:19:11"
147,Schultz-Jerde,schultz-jerde,https://www.bartell.com,"2023-07-24 05:10:21","2024-06-01 00:19:11"
148,Kuvalis-Schneider,kuvalis-schneider,https://www.sporer.info,"2023-07-25 21:10:47","2024-06-01 00:19:11"
149,"Hansen Ltd",hansen-ltd,https://www.kuphal.biz,"2023-08-07 16:25:45","2024-06-01 00:19:11"
150,"Effertz LLC",effertz-llc,https://www.grant.com,"2023-06-08 17:40:12","2024-06-01 00:19:11"
151,Bailey-Schamberger,bailey-schamberger,https://www.weimann.com,"2023-07-03 16:13:08","2024-06-01 00:19:11"
152,"Friesen, Rowe and Wilderman",friesen-rowe-and-wilderman,https://www.rosenbaum.info,"2023-07-31 14:58:27","2024-06-01 00:19:11"
153,Johnston-Medhurst,johnston-medhurst,https://www.hartmann.com,"2023-07-06 11:43:45","2024-06-01 00:19:11"
154,"Runolfsson and Sons",runolfsson-and-sons,https://www.douglas.com,"2023-10-11 13:24:07","2024-06-01 00:19:11"
155,"Cremin, Anderson and Swift",cremin-anderson-and-swift,https://www.simonis.com,"2023-07-31 05:03:16","2024-06-01 00:19:11"
156,"Braun Inc",braun-inc,https://www.conn.com,"2023-09-29 11:43:27","2024-06-01 00:19:11"
157,Stroman-Shields,stroman-shields,https://www.friesen.org,"2023-10-07 15:04:33","2024-06-01 00:19:11"
158,Harber-Walsh,harber-walsh,https://www.anderson.info,"2023-09-12 13:17:16","2024-06-01 00:19:11"
159,"Kulas, Heller and Windler",kulas-heller-and-windler,https://www.beatty.com,"2023-09-19 18:17:19","2024-06-01 00:19:11"
160,"Hirthe, Shanahan and Schaden",hirthe-shanahan-and-schaden,https://www.bergstrom.com,"2023-09-23 10:59:53","2024-06-01 00:19:11"
161,"Grimes Inc",grimes-inc,https://www.mcglynn.com,"2023-09-16 16:41:31","2024-06-01 00:19:11"
162,Schmeler-Osinski,schmeler-osinski,https://www.kertzmann.com,"2023-06-10 06:49:03","2024-06-01 00:19:11"
163,"Macejkovic, Cremin and Schmidt",macejkovic-cremin-and-schmidt,https://www.goyette.com,"2023-09-15 19:54:57","2024-06-01 00:19:11"
164,Cole-Kihn,cole-kihn,https://www.leannon.com,"2023-11-20 05:54:58","2024-06-01 00:19:11"
165,"Cole, Schultz and Steuber",cole-schultz-and-steuber,https://www.okuneva.info,"2023-07-28 19:38:07","2024-06-01 00:19:11"
166,"Weimann Ltd",weimann-ltd,https://www.huel.com,"2023-10-09 16:09:29","2024-06-01 00:19:11"
167,Beer-Hand,beer-hand,https://www.boyer.info,"2023-09-20 17:56:50","2024-06-01 00:19:11"
168,"Collier, Keebler and Jenkins",collier-keebler-and-jenkins,https://www.jerde.com,"2023-08-15 18:12:11","2024-06-01 00:19:11"
169,"Reinger, Parisian and Greenholt",reinger-parisian-and-greenholt,https://www.cartwright.com,"2023-11-07 03:03:32","2024-06-01 00:19:11"
170,"Stark, Lebsack and Stehr",stark-lebsack-and-stehr,https://www.will.com,"2023-10-30 02:39:59","2024-06-01 00:19:11"
171,"Murray Ltd",murray-ltd,https://www.predovic.biz,"2023-10-25 13:45:38","2024-06-01 00:19:11"
172,Wolf-Schneider,wolf-schneider,https://www.lindgren.biz,"2023-11-10 13:57:22","2024-06-01 00:19:11"
173,"Stiedemann, Bahringer and Goyette",stiedemann-bahringer-and-goyette,https://www.homenick.info,"2023-10-03 01:09:44","2024-06-01 00:19:11"
174,Kutch-Pfannerstill,kutch-pfannerstill,https://www.deckow.biz,"2023-06-21 17:47:10","2024-06-01 00:19:11"
175,"Lehner, Wiza and Robel",lehner-wiza-and-robel,https://www.huels.biz,"2023-06-18 11:59:18","2024-06-01 00:19:11"
176,"Konopelski, Torphy and Hudson",konopelski-torphy-and-hudson,https://www.schmitt.com,"2023-08-23 03:29:23","2024-06-01 00:19:11"
177,Kertzmann-Simonis,kertzmann-simonis,https://www.larkin.com,"2023-07-29 21:11:59","2024-06-01 00:19:11"
178,"Parker PLC",parker-plc,https://www.heathcote.net,"2023-06-14 01:16:06","2024-06-01 00:19:11"
179,"Rippin LLC",rippin-llc,https://www.gibson.biz,"2023-09-22 11:41:51","2024-06-01 00:19:11"
180,"Cormier and Sons",cormier-and-sons,https://www.bailey.com,"2023-07-26 07:08:29","2024-06-01 00:19:11"
181,McClure-Weissnat,mcclure-weissnat,https://www.baumbach.info,"2023-11-16 08:02:57","2024-06-01 00:19:11"
182,"Windler, Homenick and Schowalter",windler-homenick-and-schowalter,https://www.goldner.org,"2023-06-19 09:29:49","2024-06-01 00:19:11"
183,"Wilkinson Inc",wilkinson-inc,https://www.klocko.net,"2023-07-22 03:53:06","2024-06-01 00:19:11"
184,Gerlach-Parker,gerlach-parker,https://www.nienow.info,"2023-06-13 15:05:29","2024-06-01 00:19:11"
185,White-Huel,white-huel,https://www.reichert.com,"2023-09-06 18:46:29","2024-06-01 00:19:11"
186,Rutherford-Ruecker,rutherford-ruecker,https://www.fadel.biz,"2023-07-01 16:52:15","2024-06-01 00:19:11"
187,"Toy Group",toy-group,https://www.hoeger.com,"2023-06-23 01:58:41","2024-06-01 00:19:11"
188,"Cummerata, Murazik and Stiedemann",cummerata-murazik-and-stiedemann,https://www.white.info,"2023-08-04 13:40:31","2024-06-01 00:19:11"
189,Dietrich-Howe,dietrich-howe,https://www.feeney.com,"2023-06-07 06:48:41","2024-06-01 00:19:11"
190,"Greenfelder, O'Kon and Hayes",greenfelder-okon-and-hayes,https://www.jenkins.com,"2023-06-28 12:27:31","2024-06-01 00:19:11"
191,Pollich-Streich,pollich-streich,https://www.lemke.org,"2023-09-23 16:55:30","2024-06-01 00:19:11"
192,"Abernathy Inc",abernathy-inc,https://www.larkin.com,"2023-08-13 22:06:33","2024-06-01 00:19:11"
193,"Powlowski, Senger and Gutmann",powlowski-senger-and-gutmann,https://www.bartell.net,"2023-11-13 16:57:00","2024-06-01 00:19:11"
194,Mohr-Hettinger,mohr-hettinger,https://www.heidenreich.net,"2023-06-15 03:01:38","2024-06-01 00:19:11"
195,"Keeling, O'Hara and Ankunding",keeling-ohara-and-ankunding,https://www.cummerata.com,"2023-11-05 01:27:12","2024-06-01 00:19:11"
196,"D'Amore, Satterfield and McKenzie",damore-satterfield-and-mckenzie,https://www.greenfelder.com,"2023-07-08 18:24:03","2024-06-01 00:19:11"
197,Funk-Hayes,funk-hayes,https://www.wyman.com,"2023-11-14 10:36:01","2024-06-01 00:19:11"
198,"Huels, Bayer and Reinger",huels-bayer-and-reinger,https://www.schmitt.com,"2023-09-29 16:35:35","2024-06-01 00:19:11"
199,O'Conner-Tremblay,oconner-tremblay,https://www.jast.com,"2023-06-24 20:12:19","2024-06-01 00:19:11"
200,Stark-Klocko,stark-klocko,https://www.kling.com,"2023-10-09 11:50:36","2024-06-01 00:19:11"
201,Satterfield-Hackett,satterfield-hackett,https://www.stehr.com,"2023-10-24 10:33:50","2024-06-01 00:19:11"
202,Sanford-Walker,sanford-walker,https://www.nikolaus.biz,"2023-11-19 11:42:49","2024-06-01 00:19:11"
203,"Heller Inc",heller-inc,https://www.hickle.biz,"2023-11-24 07:48:09","2024-06-01 00:19:11"
204,Reichert-Kuhn,reichert-kuhn,https://www.reichert.com,"2023-08-10 06:47:49","2024-06-01 00:19:11"
205,"Haag, Casper and O'Conner",haag-casper-and-oconner,https://www.gaylord.info,"2023-11-28 07:48:59","2024-06-01 00:19:11"
206,"Glover, Collins and Kshlerin",glover-collins-and-kshlerin,https://www.reynolds.net,"2023-10-18 07:52:46","2024-06-01 00:19:11"
207,Gutmann-Ward,gutmann-ward,https://www.yost.com,"2023-10-24 04:18:03","2024-06-01 00:19:11"
208,"Pfeffer, Morissette and Stracke",pfeffer-morissette-and-stracke,https://www.monahan.com,"2023-09-08 12:41:31","2024-06-01 00:19:11"
209,"Beier Ltd",beier-ltd,https://www.kub.biz,"2023-07-18 18:36:42","2024-06-01 00:19:11"
210,"Dietrich Group",dietrich-group,https://www.ebert.info,"2023-07-13 14:03:34","2024-06-01 00:19:11"
211,"Ziemann, Barton and Grimes",ziemann-barton-and-grimes,https://www.bauch.net,"2023-11-09 19:38:10","2024-06-01 00:19:11"
212,Watsica-Mante,watsica-mante,https://www.turner.com,"2023-06-30 22:45:38","2024-06-01 00:19:11"
213,Murray-Monahan,murray-monahan,https://www.towne.com,"2023-08-18 05:48:14","2024-06-01 00:19:11"
214,"Batz Group",batz-group,https://www.rolfson.net,"2023-08-10 01:27:57","2024-06-01 00:19:11"
215,Wuckert-Bauch,wuckert-bauch,https://www.littel.com,"2023-06-03 02:59:58","2024-06-01 00:19:11"
216,"Bergstrom Inc",bergstrom-inc,https://www.gutkowski.com,"2023-09-13 11:08:06","2024-06-01 00:19:11"
217,Dibbert-Marks,dibbert-marks,https://www.waters.org,"2023-10-21 02:35:06","2024-06-01 00:19:11"
218,"O'Kon PLC",okon-plc,https://www.larkin.biz,"2023-06-16 12:08:56","2024-06-01 00:19:11"
219,"Feil, Durgan and West",feil-durgan-and-west,https://www.krajcik.com,"2023-08-21 06:21:41","2024-06-01 00:19:11"
220,"Gusikowski, Nienow and Reilly",gusikowski-nienow-and-reilly,https://www.spencer.biz,"2023-11-24 22:11:42","2024-06-01 00:19:11"
221,"Heathcote Group",heathcote-group,https://www.stanton.com,"2023-07-08 16:06:42","2024-06-01 00:19:11"
222,"Zieme, Toy and West",zieme-toy-and-west,https://www.fay.com,"2023-11-07 06:52:30","2024-06-01 00:19:11"
223,"Lesch Ltd",lesch-ltd,https://www.balistreri.com,"2023-11-24 16:09:24","2024-06-01 00:19:11"
224,"West PLC",west-plc,https://www.lindgren.com,"2023-06-03 04:37:14","2024-06-01 00:19:11"
225,"Lehner Group",lehner-group,https://www.purdy.com,"2023-11-11 04:32:33","2024-06-01 00:19:11"
226,Schultz-Nikolaus,schultz-nikolaus,https://www.dach.com,"2023-07-12 17:51:09","2024-06-01 00:19:11"
227,Wunsch-Gusikowski,wunsch-gusikowski,https://www.kunze.com,"2023-10-11 10:25:06","2024-06-01 00:19:11"
228,Medhurst-Windler,medhurst-windler,https://www.tillman.com,"2023-08-24 03:54:30","2024-06-01 00:19:11"
229,"Kessler PLC",kessler-plc,https://www.gutmann.com,"2023-11-03 08:00:32","2024-06-01 00:19:11"
230,"Friesen PLC",friesen-plc,https://www.wisozk.com,"2023-10-09 06:01:00","2024-06-01 00:19:11"
231,"Crooks Group",crooks-group,https://www.mclaughlin.com,"2023-07-15 03:43:09","2024-06-01 00:19:11"
232,"Fahey, Crooks and Bailey",fahey-crooks-and-bailey,https://www.dicki.com,"2023-09-21 09:28:38","2024-06-01 00:19:11"
233,"Huel, Hagenes and Kris",huel-hagenes-and-kris,https://www.waters.com,"2023-09-16 11:00:18","2024-06-01 00:19:11"
234,Paucek-O'Connell,paucek-oconnell,https://www.considine.com,"2023-10-22 05:23:57","2024-06-01 00:19:11"
235,"Cummings, Schimmel and Satterfield",cummings-schimmel-and-satterfield,https://www.rempel.net,"2023-08-28 19:05:47","2024-06-01 00:19:11"
236,"Wyman PLC",wyman-plc,https://www.keeling.net,"2023-06-05 19:33:19","2024-06-01 00:19:11"
237,"McGlynn, Ondricka and Fadel",mcglynn-ondricka-and-fadel,https://www.hegmann.info,"2023-08-26 15:55:37","2024-06-01 00:19:11"
238,Barrows-Kuhn,barrows-kuhn,https://www.waelchi.com,"2023-08-30 08:20:25","2024-06-01 00:19:11"
239,Runolfsdottir-Marvin,runolfsdottir-marvin,https://www.price.biz,"2023-06-19 10:05:16","2024-06-01 00:19:11"
240,"Gutmann, DuBuque and Feil",gutmann-dubuque-and-feil,https://www.mertz.com,"2023-11-02 09:13:45","2024-06-01 00:19:11"
241,Schimmel-Moen,schimmel-moen,https://www.okon.com,"2023-11-13 12:19:51","2024-06-01 00:19:11"
242,"Hintz LLC",hintz-llc,https://www.ratke.com,"2023-09-20 08:38:38","2024-06-01 00:19:11"
243,"Hand Ltd",hand-ltd,https://www.klocko.biz,"2023-08-06 12:54:16","2024-06-01 00:19:11"
244,Schmidt-Little,schmidt-little,https://www.huels.biz,"2023-11-02 15:29:02","2024-06-01 00:19:11"
245,Green-Wisozk,green-wisozk,https://www.graham.net,"2023-07-24 10:09:34","2024-06-01 00:19:11"
246,Eichmann-Kulas,eichmann-kulas,https://www.hane.biz,"2023-09-13 15:27:53","2024-06-01 00:19:11"
247,"Nader, Senger and Hagenes",nader-senger-and-hagenes,https://www.bradtke.com,"2023-07-12 23:29:52","2024-06-01 00:19:11"
248,Weissnat-Schmeler,weissnat-schmeler,https://www.wyman.com,"2023-10-13 20:16:27","2024-06-01 00:19:11"
249,Schultz-Marquardt,schultz-marquardt,https://www.reinger.org,"2023-08-27 10:40:17","2024-06-01 00:19:11"
250,Hand-Breitenberg,hand-breitenberg,https://www.herman.info,"2023-11-18 18:46:15","2024-06-01 00:19:11"
251,Swaniawski-Lesch,swaniawski-lesch,https://www.waelchi.net,"2023-07-01 16:14:09","2024-06-01 00:19:11"
252,"Pagac Inc",pagac-inc,https://www.bins.com,"2023-08-06 20:45:44","2024-06-01 00:19:11"
253,"Emmerich, Farrell and Denesik",emmerich-farrell-and-denesik,https://www.bogan.com,"2023-08-04 04:25:18","2024-06-01 00:19:11"
254,"Rogahn, Leannon and Zemlak",rogahn-leannon-and-zemlak,https://www.bins.info,"2023-09-05 18:45:07","2024-06-01 00:19:11"
255,"Oberbrunner and Sons",oberbrunner-and-sons,https://www.mccullough.net,"2023-07-03 20:00:50","2024-06-01 00:19:11"
256,Bartoletti-Reynolds,bartoletti-reynolds,https://www.pacocha.com,"2023-06-18 14:39:51","2024-06-01 00:19:11"
257,"Ferry, Klocko and Nader",ferry-klocko-and-nader,https://www.murphy.com,"2023-08-01 00:07:07","2024-06-01 00:19:11"
258,Rogahn-Hirthe,rogahn-hirthe,https://www.morar.org,"2023-06-17 01:58:54","2024-06-01 00:19:11"
259,"Conn Group",conn-group,https://www.durgan.com,"2023-08-08 20:15:10","2024-06-01 00:19:11"
260,"Raynor, Frami and Kuhn",raynor-frami-and-kuhn,https://www.dietrich.com,"2023-07-02 19:05:24","2024-06-01 00:19:11"
261,Beer-Heathcote,beer-heathcote,https://www.considine.com,"2023-09-27 12:30:25","2024-06-01 00:19:11"
262,Stiedemann-Mueller,stiedemann-mueller,https://www.bode.com,"2023-06-17 00:40:32","2024-06-01 00:19:11"
263,"Leannon PLC",leannon-plc,https://www.barton.info,"2023-11-06 09:11:21","2024-06-01 00:19:11"
264,"Stark Group",stark-group,https://www.gislason.com,"2023-08-21 02:34:04","2024-06-01 00:19:11"
265,Volkman-Orn,volkman-orn,https://www.kovacek.biz,"2023-08-15 07:55:51","2024-06-01 00:19:11"
266,Gibson-Nitzsche,gibson-nitzsche,https://www.kozey.org,"2023-07-08 10:57:43","2024-06-01 00:19:11"
267,"Batz Inc",batz-inc,https://www.kling.com,"2023-09-13 07:12:27","2024-06-01 00:19:11"
268,"Frami LLC",frami-llc,https://www.lubowitz.info,"2023-07-31 15:51:06","2024-06-01 00:19:11"
269,"Nienow Group",nienow-group,https://www.fadel.info,"2023-10-06 08:28:57","2024-06-01 00:19:11"
270,"Hand Inc",hand-inc,https://www.pollich.com,"2023-08-01 14:53:51","2024-06-01 00:19:11"
271,"Powlowski, Connelly and Waters",powlowski-connelly-and-waters,https://www.lesch.com,"2023-07-27 17:31:59","2024-06-01 00:19:11"
272,Kautzer-Spencer,kautzer-spencer,https://www.spinka.com,"2023-10-03 05:38:35","2024-06-01 00:19:11"
273,Upton-Stark,upton-stark,https://www.stoltenberg.com,"2023-08-03 19:42:22","2024-06-01 00:19:11"
274,"Schuppe Inc",schuppe-inc,https://www.ebert.org,"2023-09-19 06:02:22","2024-06-01 00:19:11"
275,"Nader PLC",nader-plc,https://www.flatley.com,"2023-06-02 11:35:01","2024-06-01 00:19:11"
276,"Howe, O'Reilly and Gerhold",howe-oreilly-and-gerhold,https://www.bayer.com,"2023-07-10 21:41:16","2024-06-01 00:19:11"
277,"Blick Ltd",blick-ltd,https://www.donnelly.com,"2023-11-12 06:43:02","2024-06-01 00:19:11"
278,"Gulgowski PLC",gulgowski-plc,https://www.daugherty.com,"2023-08-13 06:13:50","2024-06-01 00:19:11"
279,Powlowski-Wunsch,powlowski-wunsch,https://www.leuschke.biz,"2023-11-25 10:59:08","2024-06-01 00:19:11"
280,"Olson, McClure and Kilback",olson-mcclure-and-kilback,https://www.nicolas.net,"2023-07-11 13:14:01","2024-06-01 00:19:11"
281,"Schultz, Walter and Powlowski",schultz-walter-and-powlowski,https://www.barton.com,"2023-08-07 13:01:27","2024-06-01 00:19:11"
282,"Reilly LLC",reilly-llc,https://www.blick.com,"2023-10-23 17:07:26","2024-06-01 00:19:11"
283,"Sipes PLC",sipes-plc,https://www.ernser.org,"2023-07-26 06:42:28","2024-06-01 00:19:11"
284,Hartmann-Bruen,hartmann-bruen,https://www.gulgowski.com,"2023-06-09 10:40:47","2024-06-01 00:19:11"
285,"Dickens, McClure and Witting",dickens-mcclure-and-witting,https://www.kerluke.com,"2023-11-05 01:53:05","2024-06-01 00:19:11"
286,"Reinger PLC",reinger-plc,https://www.quigley.com,"2023-06-21 12:42:21","2024-06-01 00:19:11"
287,"Zboncak, Schmeler and Zemlak",zboncak-schmeler-and-zemlak,https://www.nicolas.com,"2023-06-01 01:21:12","2024-06-01 00:19:11"
288,"Nikolaus PLC",nikolaus-plc,https://www.macejkovic.com,"2023-11-13 16:36:36","2024-06-01 00:19:11"
289,"Thompson and Sons",thompson-and-sons,https://www.klocko.com,"2023-06-16 20:44:59","2024-06-01 00:19:11"
290,"Hermiston, Terry and Ankunding",hermiston-terry-and-ankunding,https://www.rice.net,"2023-10-17 10:34:23","2024-06-01 00:19:11"
291,"Crist LLC",crist-llc,https://www.grimes.info,"2023-11-20 16:44:36","2024-06-01 00:19:11"
292,"Wolff PLC",wolff-plc,https://www.robel.com,"2023-09-13 16:57:44","2024-06-01 00:19:11"
293,"Boyer, Dach and Reichert",boyer-dach-and-reichert,https://www.mann.com,"2023-09-21 12:55:20","2024-06-01 00:19:11"
294,"Schimmel, Blick and Roob",schimmel-blick-and-roob,https://www.kuhlman.com,"2023-09-29 16:46:50","2024-06-01 00:19:11"
295,"Blanda, Olson and Fisher",blanda-olson-and-fisher,https://www.tillman.com,"2023-11-01 22:53:28","2024-06-01 00:19:11"
296,"Gerhold Inc",gerhold-inc,https://www.murazik.com,"2023-11-29 18:03:29","2024-06-01 00:19:11"
297,"DuBuque Ltd",dubuque-ltd,https://www.blick.net,"2023-07-03 07:19:30","2024-06-01 00:19:11"
298,"Hickle Group",hickle-group,https://www.halvorson.net,"2023-10-30 16:11:50","2024-06-01 00:19:11"
299,Ratke-Schoen,ratke-schoen,https://www.metz.com,"2023-07-16 03:27:55","2024-06-01 00:19:11"
300,"Frami Group",frami-group,https://www.runolfsson.com,"2023-10-03 22:02:01","2024-06-01 00:19:11"
301,"Schaefer PLC",schaefer-plc,https://www.kirlin.com,"2023-11-07 08:54:47","2024-06-01 00:19:11"
302,"Feest Ltd",feest-ltd,https://www.thiel.com,"2023-08-15 08:37:56","2024-06-01 00:19:11"
303,Bartell-Lindgren,bartell-lindgren,https://www.kuhlman.com,"2023-08-22 22:49:56","2024-06-01 00:19:11"
304,"Batz, Kihn and Walsh",batz-kihn-and-walsh,https://www.nader.com,"2023-06-19 12:14:53","2024-06-01 00:19:11"
305,"Aufderhar Group",aufderhar-group,https://www.huel.com,"2023-08-15 00:28:27","2024-06-01 00:19:11"
306,Daniel-Zulauf,daniel-zulauf,https://www.frami.com,"2023-09-11 20:26:43","2024-06-01 00:19:11"
307,"Hagenes and Sons",hagenes-and-sons,https://www.wehner.biz,"2023-08-30 23:34:04","2024-06-01 00:19:11"
308,Osinski-Beer,osinski-beer,https://www.stroman.com,"2023-09-28 18:42:05","2024-06-01 00:19:11"
309,"Collins, Mertz and Gleason",collins-mertz-and-gleason,https://www.veum.com,"2023-11-07 13:47:27","2024-06-01 00:19:11"
310,"O'Keefe, Price and Schmeler",okeefe-price-and-schmeler,https://www.bruen.info,"2023-06-15 11:36:56","2024-06-01 00:19:11"
311,"Kihn PLC",kihn-plc,https://www.blanda.com,"2023-08-30 20:48:03","2024-06-01 00:19:11"
312,"Parisian, Stanton and Labadie",parisian-stanton-and-labadie,https://www.rosenbaum.net,"2023-10-20 22:17:45","2024-06-01 00:19:11"
313,"Kris, Klein and Bahringer",kris-klein-and-bahringer,https://www.balistreri.com,"2023-11-14 09:12:51","2024-06-01 00:19:11"
314,"Grady Ltd",grady-ltd,https://www.hermiston.com,"2023-08-02 19:49:50","2024-06-01 00:19:11"
315,"Harris Ltd",harris-ltd,https://www.hills.com,"2023-07-08 06:17:20","2024-06-01 00:19:11"
316,"Kreiger, McDermott and Parisian",kreiger-mcdermott-and-parisian,https://www.schroeder.com,"2023-11-05 05:36:20","2024-06-01 00:19:11"
317,"Paucek, Satterfield and Wuckert",paucek-satterfield-and-wuckert,https://www.rogahn.com,"2023-07-12 05:52:17","2024-06-01 00:19:11"
318,"Gaylord and Sons",gaylord-and-sons,https://www.swaniawski.biz,"2023-10-26 03:02:29","2024-06-01 00:19:11"
319,"Kuphal and Sons",kuphal-and-sons,https://www.wehner.com,"2023-06-01 14:24:10","2024-06-01 00:19:11"
320,"Haag, Crona and Parker",haag-crona-and-parker,https://www.kirlin.biz,"2023-10-04 23:42:09","2024-06-01 00:19:11"
321,"Hauck, Heathcote and Ullrich",hauck-heathcote-and-ullrich,https://www.mohr.com,"2023-09-22 09:32:07","2024-06-01 00:19:11"
322,"Reichel, Spinka and Trantow",reichel-spinka-and-trantow,https://www.sauer.com,"2023-07-13 23:43:57","2024-06-01 00:19:11"
323,Price-Schuppe,price-schuppe,https://www.prohaska.biz,"2023-08-19 09:03:19","2024-06-01 00:19:11"
324,Miller-Wilkinson,miller-wilkinson,https://www.predovic.info,"2023-09-30 06:52:10","2024-06-01 00:19:11"
325,"Schoen PLC",schoen-plc,https://www.schroeder.net,"2023-07-12 02:29:27","2024-06-01 00:19:11"
326,Walter-O'Connell,walter-oconnell,https://www.howell.com,"2023-08-30 14:51:08","2024-06-01 00:19:11"
327,"Gutkowski, Hamill and Bins",gutkowski-hamill-and-bins,https://www.buckridge.info,"2023-11-08 10:53:03","2024-06-01 00:19:11"
328,"O'Hara Inc",ohara-inc,https://www.schoen.biz,"2023-11-05 23:49:12","2024-06-01 00:19:11"
329,"Murray, Hegmann and D'Amore",murray-hegmann-and-damore,https://www.mosciski.com,"2023-08-07 20:59:39","2024-06-01 00:19:11"
330,"Dibbert Group",dibbert-group,https://www.wolff.biz,"2023-07-14 12:22:41","2024-06-01 00:19:11"
331,"Grimes, Christiansen and Huels",grimes-christiansen-and-huels,https://www.moen.net,"2023-11-19 06:51:35","2024-06-01 00:19:11"
332,"Swaniawski Ltd",swaniawski-ltd,https://www.price.com,"2023-07-31 23:03:58","2024-06-01 00:19:11"
333,Hagenes-Dickens,hagenes-dickens,https://www.prosacco.com,"2023-11-28 20:44:36","2024-06-01 00:19:11"
334,Kozey-Wolff,kozey-wolff,https://www.hauck.info,"2023-09-28 03:45:33","2024-06-01 00:19:11"
335,Harris-White,harris-white,https://www.bailey.info,"2023-10-05 10:17:57","2024-06-01 00:19:11"
336,Champlin-Simonis,champlin-simonis,https://www.rowe.org,"2023-11-21 10:02:15","2024-06-01 00:19:11"
337,"Feest PLC",feest-plc,https://www.yundt.com,"2023-07-22 18:17:38","2024-06-01 00:19:11"
338,Goodwin-Ward,goodwin-ward,https://www.abshire.com,"2023-08-03 03:22:33","2024-06-01 00:19:11"
339,"Jenkins, Waelchi and Haag",jenkins-waelchi-and-haag,https://www.hills.com,"2023-08-08 19:55:05","2024-06-01 00:19:11"
340,"Rohan LLC",rohan-llc,https://www.davis.info,"2023-11-08 05:39:08","2024-06-01 00:19:11"
341,"Bernhard, Kunze and Thiel",bernhard-kunze-and-thiel,https://www.ankunding.com,"2023-06-12 10:13:53","2024-06-01 00:19:11"
342,"Zboncak, Nienow and Sawayn",zboncak-nienow-and-sawayn,https://www.pfeffer.com,"2023-08-06 06:56:52","2024-06-01 00:19:11"
343,Shields-Kertzmann,shields-kertzmann,https://www.kessler.com,"2023-07-21 07:35:28","2024-06-01 00:19:11"
344,"Homenick, West and Simonis",homenick-west-and-simonis,https://www.leannon.biz,"2023-09-23 22:23:03","2024-06-01 00:19:11"
345,Farrell-Rosenbaum,farrell-rosenbaum,https://www.simonis.com,"2023-10-13 01:29:37","2024-06-01 00:19:11"
346,Bogan-Davis,bogan-davis,https://www.wunsch.com,"2023-10-23 04:39:14","2024-06-01 00:19:11"
347,"Terry, Krajcik and O'Hara",terry-krajcik-and-ohara,https://www.dare.com,"2023-09-17 08:37:03","2024-06-01 00:19:11"
348,"Gerlach, Rowe and Wehner",gerlach-rowe-and-wehner,https://www.corwin.com,"2023-11-16 03:21:20","2024-06-01 00:19:11"
349,"Nikolaus, Smitham and Hodkiewicz",nikolaus-smitham-and-hodkiewicz,https://www.fahey.com,"2023-10-31 14:41:27","2024-06-01 00:19:11"
350,Stehr-Bartoletti,stehr-bartoletti,https://www.franecki.biz,"2023-08-23 14:09:47","2024-06-01 00:19:11"
351,"Kutch Ltd",kutch-ltd,https://www.vandervort.biz,"2023-11-01 11:52:55","2024-06-01 00:19:11"
352,Reichert-Hagenes,reichert-hagenes,https://www.price.biz,"2023-10-19 01:42:32","2024-06-01 00:19:11"
353,"Howell, Gutkowski and Parisian",howell-gutkowski-and-parisian,https://www.russel.biz,"2023-11-12 03:15:23","2024-06-01 00:19:11"
354,Fadel-Mayert,fadel-mayert,https://www.orn.com,"2023-07-16 14:29:35","2024-06-01 00:19:11"
355,"Ryan, Jakubowski and Fisher",ryan-jakubowski-and-fisher,https://www.koss.org,"2023-06-22 19:29:10","2024-06-01 00:19:11"
356,"Medhurst Group",medhurst-group,https://www.langosh.com,"2023-08-24 01:57:00","2024-06-01 00:19:11"
357,"Russel Ltd",russel-ltd,https://www.kuhic.com,"2023-10-27 20:28:59","2024-06-01 00:19:11"
358,"Fisher, Haley and Nitzsche",fisher-haley-and-nitzsche,https://www.miller.net,"2023-10-25 05:09:48","2024-06-01 00:19:11"
359,"Lesch PLC",lesch-plc,https://www.vonrueden.com,"2023-06-08 00:30:06","2024-06-01 00:19:11"
360,"Borer, Ferry and Ullrich",borer-ferry-and-ullrich,https://www.hintz.net,"2023-08-09 09:34:30","2024-06-01 00:19:11"
361,"McClure Inc",mcclure-inc,https://www.jaskolski.com,"2023-07-07 00:21:15","2024-06-01 00:19:11"
362,"O'Hara, Kulas and Hamill",ohara-kulas-and-hamill,https://www.yost.biz,"2023-07-29 11:13:05","2024-06-01 00:19:11"
363,"Ziemann and Sons",ziemann-and-sons,https://www.schowalter.com,"2023-12-01 00:05:17","2024-06-01 00:19:11"
364,"Sawayn, Konopelski and Luettgen",sawayn-konopelski-and-luettgen,https://www.lesch.org,"2023-07-11 16:17:51","2024-06-01 00:19:11"
365,"Blick, Marks and Mueller",blick-marks-and-mueller,https://www.schroeder.net,"2023-09-25 01:32:39","2024-06-01 00:19:11"
366,"Lang, O'Conner and Konopelski",lang-oconner-and-konopelski,https://www.eichmann.net,"2023-08-02 08:03:59","2024-06-01 00:19:11"
367,"Walsh, Hackett and Hickle",walsh-hackett-and-hickle,https://www.lubowitz.com,"2023-07-21 22:20:04","2024-06-01 00:19:11"
368,"Gibson, Williamson and Stark",gibson-williamson-and-stark,https://www.kiehn.com,"2023-11-07 12:24:05","2024-06-01 00:19:11"
369,"Borer, Bernhard and Frami",borer-bernhard-and-frami,https://www.kulas.net,"2023-11-21 14:22:11","2024-06-01 00:19:11"
370,Crooks-Kuphal,crooks-kuphal,https://www.cummings.com,"2023-11-18 09:43:02","2024-06-01 00:19:11"
371,Bernhard-Bashirian,bernhard-bashirian,https://www.beahan.net,"2023-09-03 23:46:57","2024-06-01 00:19:11"
372,"Toy PLC",toy-plc,https://www.crona.com,"2023-06-14 19:21:14","2024-06-01 00:19:11"
373,Littel-Nitzsche,littel-nitzsche,https://www.weber.com,"2023-09-18 02:37:54","2024-06-01 00:19:11"
374,"Hilpert and Sons",hilpert-and-sons,https://www.schowalter.com,"2023-10-06 02:04:44","2024-06-01 00:19:11"
375,"Bednar, Hegmann and Schimmel",bednar-hegmann-and-schimmel,https://www.rohan.com,"2023-11-19 02:22:14","2024-06-01 00:19:11"
376,"Zboncak, Beahan and Abernathy",zboncak-beahan-and-abernathy,https://www.reichel.net,"2023-10-14 22:48:22","2024-06-01 00:19:11"
377,"Walsh LLC",walsh-llc,https://www.wunsch.org,"2023-08-01 07:51:59","2024-06-01 00:19:11"
378,"Carter PLC",carter-plc,https://www.romaguera.com,"2023-11-11 06:56:38","2024-06-01 00:19:11"
379,Lind-Toy,lind-toy,https://www.kohler.com,"2023-08-20 01:13:51","2024-06-01 00:19:11"
380,Murazik-Dooley,murazik-dooley,https://www.padberg.biz,"2023-09-15 14:04:43","2024-06-01 00:19:11"
381,"Bergnaum, Doyle and Roob",bergnaum-doyle-and-roob,https://www.vandervort.com,"2023-10-16 15:31:31","2024-06-01 00:19:11"
382,Koepp-Pfannerstill,koepp-pfannerstill,https://www.keeling.com,"2023-09-08 15:42:57","2024-06-01 00:19:11"
383,Willms-Ryan,willms-ryan,https://www.breitenberg.com,"2023-06-26 00:30:51","2024-06-01 00:19:11"
384,"Konopelski PLC",konopelski-plc,https://www.hermann.com,"2023-10-11 08:03:40","2024-06-01 00:19:11"
385,"Gaylord, Reynolds and Kuhic",gaylord-reynolds-and-kuhic,https://www.hirthe.info,"2023-09-01 14:53:37","2024-06-01 00:19:11"
386,Hyatt-Vandervort,hyatt-vandervort,https://www.russel.com,"2023-11-09 16:15:01","2024-06-01 00:19:11"
387,Ernser-Hessel,ernser-hessel,https://www.robel.net,"2023-09-21 11:51:11","2024-06-01 00:19:11"
388,"Romaguera and Sons",romaguera-and-sons,https://www.upton.net,"2023-11-01 16:19:41","2024-06-01 00:19:11"
389,Carter-Huels,carter-huels,https://www.mckenzie.net,"2023-10-26 07:48:26","2024-06-01 00:19:11"
390,"Reilly, Hyatt and Morar",reilly-hyatt-and-morar,https://www.bailey.com,"2023-09-30 02:24:37","2024-06-01 00:19:11"
391,Bahringer-Considine,bahringer-considine,https://www.gaylord.info,"2023-09-03 21:56:43","2024-06-01 00:19:11"
392,"Koss, Armstrong and Sauer",koss-armstrong-and-sauer,https://www.boehm.com,"2023-10-17 05:31:22","2024-06-01 00:19:11"
393,"Reilly, Medhurst and Torp",reilly-medhurst-and-torp,https://www.graham.net,"2023-10-24 19:27:30","2024-06-01 00:19:11"
394,"Labadie, Hilpert and Lubowitz",labadie-hilpert-and-lubowitz,https://www.jakubowski.info,"2023-11-15 16:54:50","2024-06-01 00:19:11"
395,"Huel Ltd",huel-ltd,https://www.connelly.com,"2023-08-23 01:28:10","2024-06-01 00:19:11"
396,"Lemke and Sons",lemke-and-sons,https://www.donnelly.info,"2023-06-17 15:50:46","2024-06-01 00:19:11"
397,"Bartell, Beatty and Wisozk",bartell-beatty-and-wisozk,https://www.tromp.com,"2023-11-26 06:35:19","2024-06-01 00:19:11"
398,"Vandervort, Dooley and Breitenberg",vandervort-dooley-and-breitenberg,https://www.macejkovic.com,"2023-07-09 18:08:34","2024-06-01 00:19:11"
399,"Satterfield Group",satterfield-group,https://www.waelchi.com,"2023-06-02 12:10:09","2024-06-01 00:19:11"
400,"Howell Ltd",howell-ltd,https://www.koelpin.biz,"2023-11-22 03:14:15","2024-06-01 00:19:11"
